,PSOE,,PP,,VOX,,PODEMOS-IU,,ERC-SOBIRANISTES,,Cs,,JxCAT-JUNTS,,ECP-GUANYEM EL CANVI,,EAJ-PNV,,EH Bildu,,MÁS PAÍS-EQUO,,CUP-PR,,PODEMOS-EU,,CCa-PNC-NC,,NA+,,MÉS COMPROMÍS,,BNG,,PRC,,¡TERUEL EXISTE!,,PACMA,,MÁS PAÍS,,RECORTES CERO-GV,,PUM+J,,M PAÍS-CHA-EQUO,,MÉS-ESQUERRA,,AxSÍ,,PCPE,,PCTE,,GBAI,,UPL,,PCOE,,CpM,,EB,,ERPV,,XAV,,AVANT ADELANTE LOS VERDES,,VERDES,,PH,,I.Fem,,UIG-SOM-CUIDES,,SOMOS REGIÓN,,IZQP,,AHORA CANARIAS,,CONTIGO,,CHA,,PPSO,,EXTREMADURA UNIDA,,PDSJE,,P-LIB,,MAS,,UNIDOS SÍ-ACPS-Def,,PREPAL,,ANDECHA,,MDyC,,PYLN,,FE de las JONS,,AUNACV,,UNIÓN REGIONALISTA,,Canda,,FIA,,SOLIDARIA,,RISA,,centrados,,DPL,,IZAR,,C 21,,UDT,
Nombre de Provincia,Votos,Diputados,Votos,Diputados,Votos,Diputados,Votos,Diputados,Votos,Diputados,Votos,Diputados,Votos,Diputados,Votos,Diputados,Votos,Diputados,Votos,Diputados,Votos,Diputados,Votos,Diputados,Votos,Diputados,Votos,Diputados,Votos,Diputados,Votos,Diputados,Votos,Diputados,Votos,Diputados,Votos,Diputados,Votos,Diputados,Votos,Diputados,Votos,Diputados,Votos,Diputados,Votos,Diputados,Votos,Diputados,Votos,Diputados,Votos,Diputados,Votos,Diputados,Votos,Diputados,Votos,Diputados,Votos,Diputados,Votos,Diputados,Votos,Diputados,Votos,Diputados,Votos,Diputados,Votos,Diputados,Votos,Diputados,Votos,Diputados,Votos,Diputados,Votos,Diputados,Votos,Diputados,Votos,Diputados,Votos,Diputados,Votos,Diputados,Votos,Diputados,Votos,Diputados,Votos,Diputados,Votos,Diputados,Votos,Diputados,Votos,Diputados,Votos,Diputados,Votos,Diputados,Votos,Diputados,Votos,Diputados,Votos,Diputados,Votos,Diputados,Votos,Diputados,Votos,Diputados,Votos,Diputados,Votos,Diputados,Votos,Diputados,Votos,Diputados,Votos,Diputados,Votos,Diputados,Votos,Diputados,Votos,Diputados,Votos,Diputados
Almería                       ,"89,295",2,"78,072",2,"80,714",2,"24,400",0,0,0,"22,835",0,0,0,0,0,0,0,0,0,0,0,0,0,0,0,0,0,0,0,0,0,0,0,0,0,0,0,"2,582",0,0,0,360,0,371,0,0,0,0,0,318,0,303,0,0,0,0,0,0,0,0,0,0,0,513,0,0,0,0,0,0,0,0,0,0,0,0,0,0,0,0,0,0,0,0,0,0,0,0,0,0,0,0,0,0,0,0,0,0,0,0,0,0,0,0,0,0,0,0,0,0,0,0,0,0,0,0,0,0,0,0,0,0,0,0,0,0,0,0,0,0,0,0,0
Cádiz                         ,"188,271",3,"111,089",2,"131,205",2,"93,541",1,0,0,"55,490",1,0,0,0,0,0,0,0,0,"11,316",0,0,0,0,0,0,0,0,0,0,0,0,0,0,0,0,0,"8,437",0,0,0,915,0,707,0,0,0,0,0,"3,509",0,639,0,0,0,0,0,0,0,"1,739",0,0,0,0,0,0,0,0,0,0,0,0,0,0,0,0,0,0,0,0,0,0,0,0,0,0,0,0,0,0,0,0,0,0,0,0,0,0,0,0,0,0,0,0,0,0,0,0,0,0,0,0,0,0,0,0,0,0,0,0,0,0,0,0,0,0,0,0,0,0,0,0,0
Córdoba                       ,"146,761",2,"99,999",2,"82,534",1,"64,769",1,0,0,"36,229",0,0,0,0,0,0,0,0,0,0,0,0,0,0,0,0,0,0,0,0,0,0,0,0,0,0,0,"3,946",0,0,0,549,0,478,0,0,0,0,0,"1,019",0,544,0,321,0,0,0,0,0,"1,062",0,0,0,760,0,0,0,0,0,0,0,0,0,0,0,0,0,0,0,0,0,0,0,0,0,0,0,0,0,0,0,0,0,0,0,0,0,0,0,0,0,0,0,0,0,0,0,0,0,0,0,0,0,0,0,0,0,0,0,0,0,0,0,0,0,0,0,0,0,0,0,0,0
Granada                       ,"160,190",3,"105,192",2,"99,928",1,"59,331",1,0,0,"37,772",0,0,0,0,0,0,0,0,0,"8,629",0,0,0,0,0,0,0,0,0,0,0,0,0,0,0,0,0,"4,095",0,0,0,545,0,624,0,0,0,0,0,619,0,371,0,322,0,0,0,0,0,0,0,0,0,0,0,0,0,0,0,0,0,0,0,0,0,0,0,0,0,0,0,0,0,0,0,0,0,0,0,0,0,0,0,0,0,0,0,0,0,0,0,0,0,0,0,0,0,0,0,0,0,0,0,0,0,520,0,0,0,0,0,0,0,0,0,0,0,113,0,0,0,0,0
Huelva                        ,"91,656",3,"49,452",1,"52,485",1,"30,389",0,0,0,"18,382",0,0,0,0,0,0,0,0,0,0,0,0,0,0,0,0,0,0,0,0,0,0,0,0,0,0,0,"2,535",0,0,0,495,0,351,0,0,0,0,0,856,0,159,0,112,0,0,0,0,0,464,0,0,0,0,0,0,0,0,0,0,0,0,0,0,0,0,0,0,0,0,0,0,0,0,0,0,0,0,0,0,0,0,0,0,0,0,0,0,0,0,0,0,0,0,0,0,0,0,0,0,0,0,0,0,0,0,0,0,0,0,0,0,0,0,0,0,0,0,0,0,0,0,0
Jaén                          ,"141,737",3,"82,055",1,"71,950",1,"35,962",0,0,0,"24,816",0,0,0,0,0,0,0,0,0,0,0,0,0,0,0,0,0,0,0,0,0,0,0,0,0,0,0,"2,766",0,0,0,464,0,419,0,0,0,0,0,856,0,0,0,471,0,0,0,0,0,0,0,0,0,0,0,0,0,0,0,0,0,0,0,0,0,0,0,0,0,0,0,0,0,0,0,0,0,0,0,0,0,0,0,0,0,0,0,0,0,0,0,0,0,0,0,0,0,0,0,0,0,0,0,0,0,0,0,0,0,0,0,249,0,0,0,0,0,0,0,0,0,0,0
Málaga                        ,"226,831",4,"163,177",3,"162,280",2,"97,801",1,0,0,"66,995",1,0,0,0,0,0,0,0,0,"14,112",0,0,0,0,0,0,0,0,0,0,0,0,0,0,0,0,0,"11,089",0,0,0,"1,261",0,904,0,0,0,0,0,"1,686",0,581,0,381,0,0,0,0,0,"1,265",0,0,0,0,0,0,0,0,0,0,0,0,0,0,0,0,0,0,0,0,0,0,0,0,0,0,0,0,0,0,0,0,0,0,0,0,0,0,0,0,0,0,0,0,0,0,0,0,0,0,0,0,0,0,0,0,0,0,0,0,0,0,0,0,0,0,0,0,0,0,0,0,0
Sevilla                       ,"380,385",5,"188,166",2,"188,813",2,"153,435",2,0,0,"83,575",1,0,0,0,0,0,0,0,0,"22,388",0,0,0,0,0,0,0,0,0,0,0,0,0,0,0,0,0,"12,035",0,0,0,"1,456",0,"1,402",0,0,0,0,0,"5,183",0,842,0,550,0,0,0,0,0,"1,495",0,0,0,0,0,0,0,0,0,0,0,0,0,0,0,0,0,0,0,0,0,0,0,0,0,0,0,0,0,0,0,0,0,0,0,0,0,0,0,0,0,0,0,0,0,0,0,0,0,0,0,0,0,0,0,0,0,0,0,0,0,0,0,0,0,0,0,0,0,0,0,0,0
Huesca                        ,"38,101",2,"29,804",1,"17,237",0,"14,035",0,0,0,"9,244",0,0,0,0,0,0,0,0,0,0,0,0,0,0,0,0,0,0,0,0,0,0,0,0,0,0,0,735,0,0,0,198,0,153,0,0,0,0,0,0,0,100,0,86,0,0,0,0,0,0,0,0,0,393,0,0,0,0,0,0,0,0,0,0,0,0,0,0,0,0,0,0,0,0,0,0,0,"2,000",0,0,0,0,0,0,0,0,0,0,0,0,0,0,0,0,0,0,0,73,0,0,0,0,0,0,0,0,0,75,0,0,0,0,0,0,0,0,0,0,0,0,0,0,0
Teruel                        ,"18,934",1,"17,520",1,"9,346",0,"3,982",0,0,0,"3,732",0,0,0,0,0,0,0,0,0,0,0,0,0,0,0,0,0,0,0,0,0,0,0,0,0,"19,761",1,212,0,0,0,0,0,35,0,0,0,0,0,0,0,45,0,0,0,0,0,0,0,96,0,0,0,0,0,0,0,0,0,0,0,0,0,0,0,0,0,0,0,0,0,0,0,0,0,0,0,0,0,0,0,0,0,0,0,0,0,0,0,0,0,0,0,0,0,0,0,25,0,0,0,13,0,0,0,0,0,0,0,0,0,0,0,0,0,0,0,0,0,0,0,26,0
Zaragoza                      ,"158,326",3,"119,909",2,"92,353",1,"57,875",1,0,0,"47,001",0,0,0,0,0,0,0,0,0,0,0,0,0,0,0,0,0,0,0,0,0,0,0,0,0,0,0,"3,618",0,0,0,861,0,485,0,"23,196",0,0,0,0,0,331,0,414,0,0,0,0,0,0,0,0,0,"1,940",0,0,0,0,0,0,0,0,0,0,0,0,0,0,0,0,0,0,0,0,0,0,0,0,0,0,0,0,0,0,0,0,0,"1,068",0,0,0,0,0,0,0,0,0,532,0,0,0,0,0,0,0,0,0,386,0,0,0,0,0,0,0,0,0,0,0,0,0,0,0
Asturias                      ,"186,211",3,"129,945",2,"88,788",1,"89,301",1,0,0,"37,374",0,0,0,0,0,0,0,0,0,"12,732",0,0,0,0,0,0,0,0,0,0,0,0,0,0,0,0,0,"4,412",0,0,0,732,0,487,0,0,0,0,0,0,0,626,0,843,0,0,0,0,0,0,0,0,0,0,0,0,0,0,0,0,0,0,0,366,0,0,0,0,0,0,0,0,0,0,0,0,0,0,0,0,0,0,0,0,0,0,0,0,0,0,0,0,0,887,0,0,0,0,0,0,0,0,0,0,0,0,0,0,0,0,0,0,0,0,0,0,0,0,0,0,0,0,0
Illes Balears                 ,"115,567",2,"103,722",2,"77,520",2,"82,225",2,0,0,"33,451",0,0,0,0,0,0,0,0,0,0,0,0,0,0,0,0,0,0,0,0,0,0,0,0,0,0,0,"6,207",0,"10,652",0,947,0,573,0,0,0,"18,295",0,0,0,0,0,0,0,0,0,0,0,0,0,0,0,0,0,0,0,0,0,0,0,0,0,0,0,0,0,0,0,0,0,0,0,0,0,0,0,0,0,0,0,0,0,0,0,372,0,0,0,0,0,0,0,0,0,0,0,0,0,0,0,0,0,0,0,0,0,0,0,0,0,0,0,0,0,0,0,0,0,0,0,0,0
Las Palmas                    ,"141,078",3,"103,375",2,"64,515",1,"74,648",1,0,0,"28,018",0,0,0,0,0,0,0,0,0,"8,389",0,0,0,0,0,"48,028",1,0,0,0,0,0,0,0,0,0,0,"5,796",0,0,0,505,0,552,0,0,0,0,0,0,0,728,0,0,0,0,0,0,0,0,0,0,0,0,0,0,0,0,0,0,0,"1,864",0,276,0,0,0,0,0,0,0,0,0,"1,110",0,358,0,0,0,0,0,0,0,713,0,0,0,0,0,0,0,0,0,0,0,0,0,0,0,0,0,0,0,0,0,0,0,0,0,0,0,0,0,0,0,0,0,0,0,0,0,0,0
Santa Cruz de Tenerife        ,"132,518",2,"93,434",2,"53,491",1,"64,613",1,0,0,"22,979",0,0,0,0,0,0,0,0,0,"6,583",0,0,0,0,0,"76,261",1,0,0,0,0,0,0,0,0,0,0,"6,150",0,0,0,489,0,319,0,0,0,0,0,0,0,464,0,0,0,0,0,0,0,0,0,0,0,418,0,0,0,0,0,0,0,"1,322",0,0,0,0,0,0,0,0,0,0,0,922,0,236,0,0,0,0,0,0,0,0,0,0,0,0,0,0,0,0,0,0,0,0,0,0,0,0,0,0,0,0,0,0,0,0,0,0,0,0,0,0,0,0,0,0,0,0,0,0,0
Cantabria                     ,"76,028",1,"84,583",2,"48,827",1,"28,376",0,0,0,"15,609",0,0,0,0,0,0,0,0,0,0,0,0,0,0,0,0,0,0,0,0,0,0,0,"68,830",1,0,0,"1,856",0,0,0,232,0,187,0,0,0,0,0,0,0,262,0,247,0,0,0,0,0,0,0,0,0,259,0,0,0,0,0,0,0,0,0,0,0,0,0,0,0,0,0,0,0,0,0,0,0,0,0,0,0,0,0,0,0,126,0,0,0,0,0,0,0,0,0,0,0,0,0,0,0,0,0,0,0,0,0,0,0,0,0,0,0,0,0,0,0,0,0,0,0,0,0
Albacete                      ,"69,848",2,"58,835",1,"44,306",1,"20,771",0,0,0,"15,947",0,0,0,0,0,0,0,0,0,0,0,0,0,0,0,0,0,0,0,0,0,0,0,0,0,0,0,"1,651",0,0,0,222,0,375,0,0,0,0,0,0,0,177,0,153,0,0,0,0,0,0,0,0,0,0,0,0,0,0,0,0,0,0,0,0,0,0,0,0,0,0,0,0,0,0,0,0,0,0,0,0,0,0,0,197,0,0,0,0,0,0,0,0,0,0,0,0,0,0,0,0,0,0,0,0,0,0,0,0,0,0,0,0,0,0,0,0,0,0,0,0,0,0,0
Ciudad Real                   ,"92,046",2,"74,835",2,"56,050",1,"22,250",0,0,0,"18,337",0,0,0,0,0,0,0,0,0,0,0,0,0,0,0,0,0,0,0,0,0,0,0,0,0,0,0,"1,788",0,0,0,447,0,484,0,0,0,0,0,0,0,0,0,0,0,0,0,0,0,0,0,0,0,0,0,0,0,0,0,0,0,0,0,0,0,0,0,0,0,0,0,0,0,0,0,0,0,0,0,0,0,0,0,0,0,0,0,0,0,0,0,0,0,0,0,0,0,0,0,0,0,0,0,0,0,0,0,0,0,0,0,0,0,0,0,0,0,0,0,0,0,0,0
Cuenca                        ,"40,670",2,"33,721",1,"20,108",0,"7,529",0,0,0,"5,094",0,0,0,0,0,0,0,0,0,0,0,0,0,0,0,0,0,0,0,0,0,0,0,0,0,0,0,545,0,0,0,125,0,129,0,0,0,0,0,0,0,83,0,66,0,0,0,0,0,0,0,0,0,0,0,0,0,0,0,0,0,0,0,0,0,0,0,0,0,0,0,0,0,0,0,0,0,0,0,0,0,0,0,0,0,47,0,0,0,0,0,0,0,0,0,0,0,0,0,0,0,0,0,0,0,0,0,0,0,0,0,0,0,0,0,0,0,0,0,0,0,0,0
Guadalajara                   ,"41,167",1,"30,443",1,"31,683",1,"14,897",0,0,0,"10,169",0,0,0,0,0,0,0,0,0,0,0,0,0,0,0,0,0,0,0,0,0,0,0,0,0,0,0,"1,266",0,0,0,287,0,284,0,0,0,0,0,0,0,87,0,106,0,0,0,0,0,195,0,0,0,0,0,0,0,0,0,0,0,0,0,0,0,0,0,0,0,0,0,0,0,0,0,0,0,0,0,0,0,0,0,234,0,0,0,0,0,0,0,0,0,0,0,0,0,0,0,188,0,0,0,0,0,0,0,0,0,0,0,0,0,0,0,0,0,0,0,0,0,0,0
Toledo                        ,"116,282",2,"94,378",2,"86,049",2,"34,837",0,0,0,"24,871",0,0,0,0,0,0,0,0,0,0,0,0,0,0,0,0,0,0,0,0,0,0,0,0,0,0,0,"2,680",0,0,0,556,0,661,0,0,0,0,0,0,0,282,0,217,0,0,0,0,0,0,0,0,0,0,0,0,0,0,0,0,0,0,0,0,0,0,0,0,0,0,0,0,0,0,0,0,0,0,0,0,0,0,0,0,0,0,0,0,0,0,0,0,0,0,0,0,0,0,0,0,0,0,0,0,0,0,0,0,0,0,0,0,0,0,0,0,0,0,0,0,0,0,0
Ávila                         ,"24,474",1,"32,527",1,"17,313",1,"6,059",0,0,0,"6,119",0,0,0,0,0,0,0,0,0,0,0,0,0,0,0,0,0,0,0,0,0,0,0,0,0,0,0,432,0,0,0,105,0,102,0,0,0,0,0,0,0,0,0,101,0,0,0,0,0,0,0,0,0,0,0,0,0,"5,416",0,0,0,0,0,0,0,0,0,0,0,0,0,0,0,0,0,0,0,0,0,0,0,0,0,0,0,32,0,0,0,0,0,0,0,0,0,0,0,0,0,61,0,0,0,0,0,0,0,0,0,0,0,0,0,0,0,0,0,0,0,0,0,0,0
Burgos                        ,"64,182",2,"61,228",2,"29,579",0,"22,058",0,0,0,"16,214",0,0,0,0,0,0,0,0,0,0,0,0,0,0,0,0,0,0,0,0,0,0,0,0,0,0,0,"1,415",0,0,0,645,0,620,0,0,0,0,0,0,0,0,0,404,0,0,0,0,0,0,0,0,0,0,0,0,0,0,0,0,0,0,0,0,0,0,0,0,0,0,0,0,0,0,0,0,0,0,0,0,0,0,0,0,0,0,0,0,0,0,0,0,0,0,0,0,0,0,0,0,0,0,0,0,0,0,0,0,0,0,0,0,0,0,0,0,0,0,0,0,0,0,0
León                          ,"87,896",2,"74,672",1,"40,884",1,"27,478",0,0,0,"16,731",0,0,0,0,0,0,0,0,0,0,0,0,0,0,0,0,0,0,0,0,0,0,0,0,0,0,0,"1,505",0,0,0,178,0,317,0,0,0,0,0,0,0,0,0,379,0,0,0,"9,588",0,0,0,0,0,0,0,0,0,0,0,0,0,0,0,0,0,0,0,0,0,0,0,0,0,0,0,0,0,0,0,0,0,0,0,0,0,0,0,0,0,0,0,341,0,0,0,0,0,0,0,0,0,0,0,0,0,0,0,0,0,0,0,0,0,0,0,0,0,0,0,0,0,0,0
Palencia                      ,"31,847",1,"34,195",2,"13,816",0,"7,746",0,0,0,"5,937",0,0,0,0,0,0,0,0,0,0,0,0,0,0,0,0,0,0,0,0,0,0,0,0,0,0,0,582,0,0,0,256,0,209,0,0,0,0,0,0,0,0,0,106,0,0,0,0,0,0,0,0,0,0,0,0,0,0,0,0,0,0,0,0,0,0,0,0,0,0,0,0,0,0,0,0,0,0,0,0,0,0,0,0,0,0,0,0,0,0,0,0,0,0,0,0,0,0,0,79,0,0,0,0,0,0,0,0,0,0,0,0,0,0,0,0,0,0,0,0,0,0,0
Salamanca                     ,"57,481",1,"67,715",2,"34,929",1,"13,608",0,0,0,"16,886",0,0,0,0,0,0,0,0,0,0,0,0,0,0,0,0,0,0,0,0,0,0,0,0,0,0,0,964,0,0,0,306,0,266,0,0,0,0,0,0,0,0,0,196,0,0,0,286,0,0,0,0,0,0,0,0,0,0,0,0,0,0,0,0,0,0,0,0,0,0,0,0,0,0,0,229,0,0,0,0,0,0,0,0,0,0,0,0,0,0,0,322,0,0,0,0,0,0,0,0,0,0,0,0,0,0,0,0,0,0,0,0,0,0,0,0,0,0,0,0,0,0,0
Segovia                       ,"25,233",1,"28,057",1,"14,569",1,"7,901",0,0,0,"6,861",0,0,0,0,0,0,0,0,0,0,0,0,0,0,0,0,0,0,0,0,0,0,0,0,0,0,0,462,0,0,0,191,0,133,0,0,0,0,0,0,0,0,0,67,0,0,0,0,0,173,0,0,0,0,0,0,0,0,0,0,0,0,0,0,0,0,0,0,0,0,0,0,0,0,0,0,0,0,0,0,0,0,0,115,0,38,0,0,0,0,0,0,0,0,0,0,0,0,0,0,0,0,0,0,0,0,0,0,0,0,0,0,0,234,0,0,0,0,0,0,0,0,0
Soria                         ,"16,043",1,"15,247",1,"6,264",0,"3,517",0,0,0,"2,670",0,0,0,0,0,0,0,0,0,0,0,0,0,0,0,0,0,0,0,0,0,0,0,0,0,0,0,205,0,0,0,95,0,95,0,0,0,0,0,0,0,0,0,87,0,0,0,0,0,0,0,0,0,0,0,0,0,0,0,0,0,0,0,0,0,0,0,0,0,0,0,0,0,0,0,0,0,0,0,"1,466",0,0,0,0,0,0,0,0,0,0,0,0,0,0,0,0,0,0,0,0,0,0,0,0,0,0,0,0,0,0,0,0,0,0,0,0,0,0,0,0,0,0,0
Valladolid                    ,"94,384",2,"91,857",2,"56,353",1,"34,313",0,0,0,"26,947",0,0,0,0,0,0,0,0,0,0,0,0,0,0,0,0,0,0,0,0,0,0,0,0,0,0,0,"2,088",0,0,0,594,0,586,0,0,0,0,0,0,0,223,0,281,0,0,0,0,0,0,0,0,0,0,0,0,0,0,0,0,0,0,0,0,0,0,0,0,0,0,0,0,0,0,0,0,0,0,0,0,0,0,0,0,0,0,0,0,0,0,0,0,0,0,0,0,0,0,0,151,0,0,0,530,0,0,0,0,0,0,0,0,0,0,0,0,0,0,0,0,0,0,0
Zamora                        ,"32,747",1,"33,495",1,"17,036",1,"7,001",0,0,0,"6,835",0,0,0,0,0,0,0,0,0,0,0,0,0,0,0,0,0,0,0,0,0,0,0,0,0,0,0,432,0,0,0,129,0,143,0,0,0,0,0,0,0,0,0,120,0,0,0,369,0,0,0,0,0,0,0,0,0,0,0,0,0,0,0,0,0,0,0,0,0,0,0,0,0,0,0,0,0,0,0,0,0,0,0,0,0,0,0,0,0,0,0,278,0,0,0,0,0,0,0,0,0,0,0,0,0,0,0,0,0,0,0,0,0,0,0,0,0,0,0,0,0,0,0
Barcelona                     ,"638,319",8,"225,645",2,"184,715",2,0,0,"618,909",7,"174,124",2,"343,931",4,"452,482",5,0,0,0,0,0,0,"179,041",2,0,0,0,0,0,0,0,0,0,0,0,0,0,0,"34,752",0,"41,826",0,"4,698",0,"1,577",0,0,0,0,0,0,0,"1,509",0,"1,587",0,0,0,0,0,0,0,0,0,0,0,0,0,0,0,0,0,0,0,0,0,"3,005",0,0,0,0,0,"1,178",0,0,0,0,0,0,0,0,0,0,0,0,0,0,0,0,0,0,0,0,0,0,0,0,0,0,0,0,0,0,0,0,0,0,0,0,0,0,0,0,0,0,0,0,0,0,0,0,0,0,0
Girona                        ,"52,723",1,"17,449",0,"18,489",0,0,0,"91,932",2,"13,869",0,"88,060",2,"33,710",1,0,0,0,0,0,0,"31,703",0,0,0,0,0,0,0,0,0,0,0,0,0,0,0,"3,724",0,0,0,508,0,339,0,0,0,0,0,0,0,327,0,316,0,0,0,0,0,0,0,0,0,0,0,0,0,0,0,0,0,0,0,0,0,0,0,0,0,0,0,246,0,0,0,0,0,0,0,0,0,0,0,0,0,0,0,0,0,0,0,0,0,0,0,0,0,0,0,0,0,0,0,0,0,0,0,0,0,0,0,0,0,0,0,0,0,0,0,0,0,0,0
Lleida                        ,"29,983",1,"14,697",0,"9,312",0,0,0,"65,236",2,"7,128",0,"46,773",1,"16,337",0,0,0,0,0,0,0,"14,098",0,0,0,0,0,0,0,0,0,0,0,0,0,0,0,"1,521",0,0,0,183,0,169,0,0,0,0,0,0,0,129,0,126,0,0,0,0,0,0,0,0,0,0,0,0,0,0,0,0,0,0,0,0,0,0,0,0,0,0,0,124,0,0,0,0,0,0,0,0,0,0,0,0,0,0,0,0,0,0,0,0,0,0,0,0,0,0,0,0,0,0,0,0,0,0,0,0,0,0,0,0,0,0,0,0,0,0,0,0,0,0,0
Tarragona                     ,"73,641",2,"29,923",0,"31,124",0,0,0,"98,782",2,"22,814",0,"51,461",1,"46,644",1,0,0,0,0,0,0,"22,129",0,0,0,0,0,0,0,0,0,0,0,0,0,0,0,"4,588",0,0,0,533,0,351,0,0,0,0,0,0,0,180,0,191,0,0,0,0,0,0,0,0,0,0,0,0,0,0,0,0,0,0,0,0,0,0,0,0,0,0,0,343,0,0,0,0,0,0,0,0,0,0,0,0,0,0,0,0,0,0,0,0,0,0,0,0,0,0,0,0,0,0,0,0,0,0,0,0,0,0,0,0,0,0,0,0,0,0,0,0,0,0,0
Badajoz                       ,"142,312",3,"92,742",2,"64,016",1,"33,971",0,0,0,"29,520",0,0,0,0,0,0,0,0,0,0,0,0,0,0,0,0,0,0,0,0,0,0,0,0,0,0,0,"2,400",0,0,0,674,0,925,0,0,0,0,0,0,0,0,0,0,0,0,0,0,0,0,0,0,0,0,0,0,0,0,0,0,0,0,0,0,0,0,0,0,0,0,0,0,0,0,0,0,0,0,0,0,0,0,0,0,0,0,0,0,0,0,0,0,0,0,0,0,0,0,0,0,0,0,0,0,0,0,0,0,0,0,0,0,0,0,0,0,0,0,0,0,0,0,0
Cáceres                       ,"85,135",2,"61,527",1,"35,807",1,"20,101",0,0,0,"15,533",0,0,0,0,0,0,0,0,0,0,0,0,0,0,0,0,0,0,0,0,0,0,0,0,0,0,0,"1,276",0,0,0,342,0,295,0,0,0,0,0,0,0,0,0,0,0,0,0,0,0,0,0,0,0,0,0,0,0,0,0,0,0,0,0,0,0,0,0,0,0,0,0,0,0,0,0,0,0,0,0,0,0,"1,347",0,0,0,0,0,0,0,0,0,0,0,0,0,0,0,0,0,0,0,0,0,0,0,0,0,0,0,0,0,0,0,0,0,0,0,0,0,0,0,0,0
A Coruña                      ,"184,178",3,"187,127",3,"50,325",0,0,0,0,0,"28,469",0,0,0,0,0,0,0,0,0,"12,619",0,0,0,"77,069",1,0,0,0,0,0,0,"58,135",1,0,0,0,0,"4,572",0,0,0,925,0,607,0,0,0,0,0,0,0,0,0,472,0,0,0,0,0,"1,689",0,0,0,0,0,0,0,0,0,0,0,0,0,0,0,0,0,0,0,0,0,0,0,0,0,0,0,0,0,0,0,0,0,0,0,0,0,0,0,0,0,0,0,0,0,0,0,0,0,0,0,0,0,0,0,0,0,0,0,0,0,0,0,0,0,0,0,0,0,0,0,0,0
Lugo                          ,"57,537",2,"68,530",2,"14,652",0,0,0,0,0,"5,811",0,0,0,0,0,0,0,0,0,0,0,0,0,"16,548",0,0,0,0,0,0,0,"12,940",0,0,0,0,0,"1,190",0,0,0,237,0,221,0,0,0,0,0,0,0,0,0,135,0,0,0,0,0,178,0,0,0,0,0,0,0,0,0,0,0,0,0,0,0,0,0,0,0,0,0,0,0,0,0,0,0,0,0,0,0,0,0,0,0,0,0,0,0,0,0,0,0,0,0,0,0,0,0,0,0,0,0,0,0,0,0,0,0,0,0,0,0,0,0,0,0,0,0,72,0,0,0
Ourense                       ,"56,934",2,"67,580",2,"13,285",0,0,0,0,0,"6,397",0,0,0,0,0,0,0,0,0,0,0,0,0,"13,573",0,0,0,0,0,0,0,"10,256",0,0,0,0,0,"1,094",0,0,0,221,0,307,0,0,0,0,0,0,0,0,0,158,0,0,0,0,0,0,0,0,0,0,0,0,0,0,0,0,0,0,0,0,0,0,0,0,0,0,0,0,0,0,0,0,0,0,0,0,0,0,0,0,0,0,0,0,0,0,0,0,0,0,0,0,0,0,0,0,0,0,0,0,0,0,0,0,0,0,0,0,0,0,0,0,0,0,0,0,0,0,0
Pontevedra                    ,"166,377",3,"151,961",3,"38,119",0,0,0,0,0,"23,984",0,0,0,0,0,0,0,0,0,"10,207",0,0,0,"81,041",1,0,0,0,0,0,0,"39,125",0,0,0,0,0,"4,619",0,0,0,790,0,447,0,0,0,0,0,0,0,0,0,493,0,0,0,0,0,0,0,0,0,692,0,0,0,0,0,0,0,0,0,0,0,0,0,0,0,0,0,0,0,0,0,0,0,0,0,0,0,0,0,0,0,0,0,0,0,0,0,0,0,0,0,0,0,0,0,0,0,0,0,0,0,0,0,0,0,0,0,0,0,0,0,0,0,0,0,0,0,0,0
Madrid                        ,"957,401",10,"887,474",10,"653,476",7,"463,629",5,0,0,"323,076",3,0,0,0,0,0,0,0,0,"201,389",2,0,0,0,0,0,0,0,0,0,0,0,0,0,0,0,0,"31,983",0,0,0,"5,129",0,"4,305",0,0,0,0,0,0,0,"2,099",0,"1,895",0,0,0,0,0,0,0,0,0,0,0,0,0,0,0,0,0,0,0,"2,508",0,0,0,0,0,0,0,0,0,0,0,0,0,0,0,0,0,0,0,0,0,0,0,0,0,0,0,0,0,0,0,0,0,0,0,0,0,0,0,0,0,0,0,0,0,0,0,0,0,0,0,0,0,0,0,0,0,0,0
Navarra                       ,"83,734",1,0,0,"19,440",0,"55,498",1,0,0,0,0,0,0,0,0,0,0,"56,548",1,0,0,0,0,0,0,0,0,"99,078",2,0,0,0,0,0,0,0,0,"2,250",0,0,0,965,0,928,0,0,0,0,0,0,0,0,0,381,0,"12,709",0,0,0,0,0,0,0,0,0,0,0,0,0,0,0,0,0,0,0,0,0,0,0,0,0,0,0,0,0,0,0,0,0,0,0,0,0,0,0,0,0,0,0,0,0,0,0,0,0,0,0,0,0,0,0,0,0,0,0,0,0,0,0,0,0,0,0,0,0,0,0,0,0,0,0,0,0
Araba / Álava                 ,"37,488",1,"25,506",0,"6,421",0,"28,186",1,0,0,"2,526",0,0,0,0,0,"40,262",1,"27,453",1,0,0,0,0,0,0,0,0,0,0,0,0,0,0,0,0,0,0,"1,152",0,0,0,409,0,326,0,0,0,0,0,0,0,0,0,215,0,0,0,0,0,0,0,0,0,0,0,0,0,0,0,0,0,0,0,0,0,0,0,0,0,0,0,0,0,0,0,0,0,0,0,0,0,0,0,0,0,0,0,0,0,0,0,0,0,0,0,0,0,0,0,0,0,0,0,0,0,0,0,0,0,0,0,0,0,0,0,0,0,0,0,0,0,0,0
Gipuzkoa                      ,"69,342",1,"23,619",0,"7,274",0,"57,363",1,0,0,"3,824",0,0,0,0,0,"116,761",2,"98,951",2,0,0,0,0,0,0,0,0,0,0,0,0,0,0,0,0,0,0,"2,070",0,0,0,510,0,401,0,0,0,0,0,0,0,0,0,276,0,0,0,0,0,0,0,0,0,570,0,0,0,0,0,0,0,0,0,0,0,0,0,0,0,0,0,0,0,0,0,0,0,0,0,0,0,0,0,0,0,0,0,0,0,0,0,0,0,0,0,0,0,0,0,0,0,0,0,0,0,0,0,0,0,0,0,0,0,0,0,0,0,0,0,0,0,0,0
Bizkaia                       ,"120,566",2,"55,621",1,"15,284",0,"97,125",1,0,0,"6,929",0,0,0,0,0,"221,979",3,"94,669",1,"8,542",0,0,0,0,0,0,0,0,0,0,0,0,0,0,0,0,0,"3,783",0,0,0,753,0,494,0,0,0,0,0,0,0,0,0,491,0,0,0,0,0,0,0,0,0,0,0,0,0,0,0,0,0,0,0,0,0,0,0,0,0,0,0,0,0,0,0,0,0,0,0,0,0,0,0,0,0,0,0,0,0,0,0,0,0,0,0,0,0,0,0,0,0,0,0,0,0,0,0,0,0,270,0,0,0,0,0,0,0,0,0,0,0,0,0
Murcia                        ,"177,154",3,"189,500",3,"199,829",3,"63,461",1,0,0,"53,201",0,0,0,0,0,0,0,0,0,"13,439",0,0,0,0,0,0,0,0,0,0,0,0,0,0,0,0,0,"7,005",0,0,0,881,0,431,0,0,0,0,0,0,0,490,0,0,0,0,0,0,0,990,0,0,0,0,0,0,0,0,0,0,0,0,0,0,0,0,0,0,0,"2,328",0,434,0,0,0,317,0,0,0,0,0,0,0,0,0,0,0,0,0,0,0,0,0,0,0,0,0,0,0,0,0,0,0,0,0,0,0,0,0,0,0,0,0,0,0,214,0,0,0,0,0,0,0
La Rioja                      ,"57,485",2,"56,450",2,"18,908",0,"16,273",0,0,0,"11,673",0,0,0,0,0,0,0,0,0,0,0,0,0,0,0,0,0,0,0,0,0,0,0,0,0,0,0,"1,096",0,0,0,307,0,297,0,0,0,0,0,0,0,0,0,263,0,0,0,0,0,0,0,0,0,425,0,0,0,0,0,0,0,0,0,0,0,0,0,0,0,0,0,0,0,0,0,0,0,0,0,0,0,0,0,0,0,0,0,0,0,0,0,0,0,0,0,0,0,0,0,0,0,0,0,0,0,0,0,0,0,0,0,0,0,0,0,0,0,0,0,0,0,0,0
Alicante / Alacant            ,"240,202",4,"207,310",3,"167,395",3,"108,533",1,0,0,"69,143",1,0,0,0,0,0,0,0,0,0,0,0,0,0,0,0,0,0,0,"35,612",0,0,0,0,0,0,0,"9,417",0,0,0,891,0,948,0,0,0,0,0,0,0,911,0,0,0,0,0,0,0,0,0,0,0,0,0,"1,683",0,0,0,"2,337",0,0,0,0,0,0,0,0,0,0,0,0,0,0,0,0,0,0,0,0,0,0,0,0,0,556,0,0,0,0,0,0,0,0,0,0,0,0,0,0,0,0,0,0,0,0,0,0,0,0,0,0,0,0,0,0,0,0,0,0,0,0,0
Castellón / Castelló          ,"84,078",2,"70,176",1,"54,849",1,"39,251",1,0,0,"20,302",0,0,0,0,0,0,0,0,0,0,0,0,0,0,0,0,0,0,0,"18,140",0,0,0,0,0,0,0,"2,483",0,0,0,257,0,370,0,0,0,0,0,0,0,194,0,0,0,0,0,0,0,379,0,0,0,0,0,"1,106",0,0,0,405,0,0,0,0,0,0,0,0,0,0,0,0,0,0,0,0,0,0,0,0,0,0,0,0,0,0,0,0,0,0,0,0,0,0,0,0,0,0,0,137,0,104,0,0,0,0,0,0,0,0,0,0,0,0,0,0,0,0,0,0,0,0,0
Valencia / València           ,"375,879",4,"306,929",4,"245,890",3,"191,812",2,0,0,"106,820",1,0,0,0,0,0,0,0,0,0,0,0,0,0,0,0,0,0,0,"122,535",1,0,0,0,0,0,0,"15,395",0,0,0,"1,540",0,"1,009",0,0,0,0,0,0,0,"1,142",0,0,0,0,0,0,0,0,0,0,0,0,0,"3,086",0,0,0,"2,674",0,0,0,0,0,0,0,"2,339",0,0,0,0,0,0,0,875,0,0,0,0,0,0,0,0,0,0,0,0,0,"1,067",0,0,0,0,0,0,0,0,0,0,0,468,0,0,0,0,0,0,0,0,0,0,0,0,0,0,0,0,0,0,0,0,0
Ceuta                         ,"10,455",0,"7,439",0,"11,752",1,"1,300",0,0,0,"1,138",0,0,0,0,0,0,0,0,0,0,0,0,0,0,0,0,0,0,0,0,0,0,0,0,0,0,0,0,0,0,0,125,0,43,0,0,0,0,0,0,0,0,0,0,0,0,0,0,0,0,0,0,0,0,0,0,0,0,0,0,0,0,0,0,0,0,0,0,0,0,0,0,0,0,0,0,0,0,0,0,0,0,0,0,0,0,0,0,0,0,0,0,0,0,0,819,0,0,0,0,0,0,0,0,0,0,0,0,0,0,0,0,0,0,0,0,0,0,0,0,0,0,0
Melilla                       ,"5,087",0,"9,136",1,"5,692",0,809,0,0,0,917,0,0,0,0,0,0,0,0,0,0,0,0,0,0,0,0,0,0,0,0,0,0,0,0,0,0,0,0,0,0,0,19,0,31,0,0,0,0,0,0,0,0,0,0,0,0,0,0,0,0,0,"8,955",0,0,0,0,0,0,0,0,0,101,0,0,0,0,0,0,0,0,0,0,0,0,0,0,0,0,0,0,0,0,0,0,0,0,0,0,0,0,0,0,0,0,0,0,0,0,0,0,0,0,0,0,0,0,0,0,0,0,0,0,0,0,0,0,0,0,0,0,0,0,0
,,,,,,,,,,,,,,,,,,,,,,,,,,,,,,,,,,,,,,,,,,,,,,,,,,,,,,,,,,,,,,,,,,,,,,,,,,,,,,,,,,,,,,,,,,,,,,,,,,,,,,,,,,,,,,,,,,,,,,,,,,,,,,,,,,,,,,
Total,"6,792,199",120,"5,047,040",89,"3,656,979",52,"2,381,960",26,"874,859",13,"1,650,318",10,"530,225",8,"549,173",7,"379,002",6,"277,621",5,"330,345",2,"246,971",2,"188,231",2,"124,289",2,"99,078",2,"176,287",1,"120,456",1,"68,830",1,"19,761",1,"228,856",0,"52,478",0,"35,042",0,"27,272",0,"23,196",0,"18,295",0,"14,046",0,"13,828",0,"13,029",0,"12,709",0,"10,243",0,"9,725",0,"8,955",0,"5,970",0,"5,875",0,"5,416",0,"5,416",0,"3,287",0,"3,150",0,"3,005",0,"2,339",0,"2,328",0,"2,325",0,"2,032",0,"2,015",0,"2,000",0,"1,466",0,"1,347",0,"1,259",0,"1,171",0,"1,068",0,"1,067",0,941,0,887,0,819,0,630,0,616,0,585,0,530,0,520,0,461,0,270,0,249,0,234,0,214,0,113,0,72,0,26,0